folder	disposition	rationale	image
pose-atlas-rebuild/2026-08-25/checker-periodic-alpha-refine-main	SUPERSEDED_BY_CHROMA_PIPELINE	舊圖集 alpha 修補與綠底編輯忠實度稽核；整條 alpha 工作流已被幾何條件化產線取代，BIREFNET_FORBIDDEN 裁決由授權白名單制度承接	pose-atlas-rebuild/2026-08-25/checker-periodic-alpha-refine-main/green-edit-fidelity-heatmap-contact.png
pose-atlas-rebuild/2026-08-25/dlc-vnext-migration-dryrun-agent-c	LIVE_DLC_STRUCTURE	DLC 的解剖／服裝分離結構；套用到新的 24 視角仍需要	pose-atlas-rebuild/2026-08-25/dlc-vnext-migration-dryrun-agent-c/migration-contact.png
pose-atlas-rebuild/2026-08-25/flux-schnell-yaw045-img2img-main/quarantine-output	SUPERSEDED_BY_CHROMA_PIPELINE	Flux 系試驗；現行產線為 Chroma1-HD	pose-atlas-rebuild/2026-08-25/flux-schnell-yaw045-img2img-main/quarantine-output/yaw+045-pitch+00.flux-img2img-s0.15.png
pose-atlas-rebuild/2026-08-25/flux-schnell-yaw045-img2img-main/quarantine-output-fullres-s020	SUPERSEDED_BY_CHROMA_PIPELINE	Flux 系試驗；現行產線為 Chroma1-HD	pose-atlas-rebuild/2026-08-25/flux-schnell-yaw045-img2img-main/quarantine-output-fullres-s020/yaw+045-pitch+00.flux-img2img-s0.20.png
pose-atlas-rebuild/2026-08-25/flux-v2-r3-rank4-formal-minimum-segment-main	SUPERSEDED_BY_CHROMA_PIPELINE	Flux 系試驗；現行產線為 Chroma1-HD	pose-atlas-rebuild/2026-08-25/flux-v2-r3-rank4-formal-minimum-segment-main/fixed-identity-samples/checkpoint-step000003-fixed-seed20260825.png
pose-atlas-rebuild/2026-08-25/flux-v2-r3-rank4-formal-minimum-segment-main/fixed-identity-samples-attempt-2	SUPERSEDED_BY_GEOMETRY_CONDITIONING	逐角度撈候選；24 視角改為確定性產生	pose-atlas-rebuild/2026-08-25/flux-v2-r3-rank4-formal-minimum-segment-main/fixed-identity-samples-attempt-2/checkpoint-step000003-fixed-seed20260825.png
pose-atlas-rebuild/2026-08-25/flux-v2-r3-rank4-formal-step5-8-main	SUPERSEDED_BY_CHROMA_PIPELINE	Flux 系試驗；現行產線為 Chroma1-HD	pose-atlas-rebuild/2026-08-25/flux-v2-r3-rank4-formal-step5-8-main/fixed-identity-samples-step6-8/checkpoint-step000006-fixed-seed20260825.png
pose-atlas-rebuild/2026-08-25/flux-v2-r3-rank4-formal-step5-8-main/fixed-identity-samples-step6-8	SUPERSEDED_BY_CHROMA_PIPELINE	Flux 系試驗；現行產線為 Chroma1-HD	pose-atlas-rebuild/2026-08-25/flux-v2-r3-rank4-formal-step5-8-main/fixed-identity-samples-step6-8/checkpoint-step000006-fixed-seed20260825.png
pose-atlas-rebuild/2026-08-25/identity-refined-candidates	SUPERSEDED_BY_LORA_V2	identity 訓練候選比較；LoRA v2 已定案且權重已選	pose-atlas-rebuild/2026-08-25/identity-refined-candidates/yaw+030-pitch+00.candidate-v1.png
pose-atlas-rebuild/2026-08-25/identity-refined-candidates-agent-a	SUPERSEDED_BY_LORA_V2	identity 訓練候選比較；LoRA v2 已定案且權重已選	pose-atlas-rebuild/2026-08-25/identity-refined-candidates-agent-a/yaw+030-pitch+00.candidate-v2.imagegen-raw.png
pose-atlas-rebuild/2026-08-25/identity-refined-candidates-agent-a/halo-cleanup-v3-agent-b	SUPERSEDED_BY_LORA_V2	identity 訓練候選比較；LoRA v2 已定案且權重已選	pose-atlas-rebuild/2026-08-25/identity-refined-candidates-agent-a/halo-cleanup-v3-agent-b/yaw+015-pitch+00-halo-cleanup-v3-preview-checker.png
pose-atlas-rebuild/2026-08-25/identity-refined-candidates/candidate-v3-halo-cleanup-v3	SUPERSEDED_BY_LORA_V2	identity 訓練候選比較；LoRA v2 已定案且權重已選	pose-atlas-rebuild/2026-08-25/identity-refined-candidates/candidate-v3-halo-cleanup-v3/yaw+030-pitch+00.candidate-v3-halo-cleanup-v3-preview-magenta.png
pose-atlas-rebuild/2026-08-25/mhr-neutral-body-smoke-agent-b/candidate-library-inventory-agent-b	LIVE_GEOMETRY_CONTRACT	幾何控制契約；正是現行產線的上游	pose-atlas-rebuild/2026-08-25/mhr-neutral-body-smoke-agent-b/candidate-library-inventory-agent-b/final/all-candidates-contact-04.png
pose-atlas-rebuild/2026-08-25/mhr-neutral-body-smoke-agent-b/candidate-library-inventory-agent-b/final	LIVE_GEOMETRY_CONTRACT	幾何控制契約；正是現行產線的上游	pose-atlas-rebuild/2026-08-25/mhr-neutral-body-smoke-agent-b/candidate-library-inventory-agent-b/final/all-candidates-contact-04.png
pose-atlas-rebuild/2026-08-25/mhr-neutral-body-smoke-agent-b/yaw075-independent-candidate-gate-agent-b/fixture-yaw075-v3-negative	LIVE_GEOMETRY_CONTRACT	幾何控制契約；正是現行產線的上游	pose-atlas-rebuild/2026-08-25/mhr-neutral-body-smoke-agent-b/yaw075-independent-candidate-gate-agent-b/fixture-yaw075-v3-negative/wic-contact.png
pose-atlas-rebuild/2026-08-25/mhr-neutral-body-smoke-agent-b/yaw075-independent-candidate-gate-agent-b/yaw075-candidate-v7-control-board-audit	LIVE_GEOMETRY_CONTRACT	幾何控制契約；正是現行產線的上游	pose-atlas-rebuild/2026-08-25/mhr-neutral-body-smoke-agent-b/yaw075-independent-candidate-gate-agent-b/yaw075-candidate-v7-control-board-audit/wic-contact.png
pose-atlas-rebuild/2026-08-25/mohan-authority-only-identity-training-manifest-agent-b	SUPERSEDED_BY_LORA_V2	identity 訓練候選比較；LoRA v2 已定案且權重已選	pose-atlas-rebuild/2026-08-25/mohan-authority-only-identity-training-manifest-agent-b/training-contact-sheet.jpg
pose-atlas-rebuild/2026-08-25/mohan-distinct-source-identity-training-v1	SUPERSEDED_BY_LORA_V2	identity 訓練候選比較；LoRA v2 已定案且權重已選	pose-atlas-rebuild/2026-08-25/mohan-distinct-source-identity-training-v1/training-contact-sheet.jpg
pose-atlas-rebuild/2026-08-25/mohan-distinct-source-identity-training-v2	SUPERSEDED_BY_LORA_V2	identity 訓練候選比較；LoRA v2 已定案且權重已選	pose-atlas-rebuild/2026-08-25/mohan-distinct-source-identity-training-v2/expanded-source-contact.jpg
pose-atlas-rebuild/2026-08-25/mohan-distinct-source-identity-training-v2-independent-qa-agent-b	SUPERSEDED_BY_LORA_V2	identity 訓練候選比較；LoRA v2 已定案且權重已選	pose-atlas-rebuild/2026-08-25/mohan-distinct-source-identity-training-v2-independent-qa-agent-b/independent-contact-v2-r3.png
pose-atlas-rebuild/2026-08-25/mohan-face-only-identity-training-v3-staging-agent-b	SUPERSEDED_BY_LORA_V2	臉部遮罩路線；identity 已改由 LoRA v2 承擔	pose-atlas-rebuild/2026-08-25/mohan-face-only-identity-training-v3-staging-agent-b/attempt-2-before-visual-refine/face-only-v3-contact.png
pose-atlas-rebuild/2026-08-25/mohan-face-only-identity-training-v3-staging-agent-b/attempt-2-before-visual-refine	SUPERSEDED_BY_LORA_V2	臉部遮罩路線；identity 已改由 LoRA v2 承擔	pose-atlas-rebuild/2026-08-25/mohan-face-only-identity-training-v3-staging-agent-b/attempt-2-before-visual-refine/face-only-v3-contact.png
pose-atlas-rebuild/2026-08-25/mohan-v3-owner-review-12-main	SUPERSEDED_BY_LORA_V2	12 來源純臉遮罩的入場審查（PENDING 未結案）；資料集已由 v2 重建、2026-08-31 再由 v3 重建，審查對象不存在	pose-atlas-rebuild/2026-08-25/mohan-v3-owner-review-12-main/owner-review-12-face-detail-contact-sheet.jpg
pose-atlas-rebuild/2026-08-25/mohan-v3-pure-face-mask-main	SUPERSEDED_BY_LORA_V2	臉部遮罩路線；identity 已改由 LoRA v2 承擔	pose-atlas-rebuild/2026-08-25/mohan-v3-pure-face-mask-main/v3-pure-face-mask-r3-contact-sheet.jpg
pose-atlas-rebuild/2026-08-25/mohan-v3-pure-face-mask-r10-agent-b/attempt-1-ear-edge-hold	SUPERSEDED_BY_LORA_V2	臉部遮罩路線；identity 已改由 LoRA v2 承擔	pose-atlas-rebuild/2026-08-25/mohan-v3-pure-face-mask-r10-agent-b/attempt-1-ear-edge-hold/seq04-pure-face-rgba-r10.png
pose-atlas-rebuild/2026-08-25/mohan-v3-pure-face-mask-r11-repair-main	SUPERSEDED_BY_LORA_V2	臉部遮罩路線；identity 已改由 LoRA v2 承擔	pose-atlas-rebuild/2026-08-25/mohan-v3-pure-face-mask-r11-repair-main/r11-repair-contact-sheet.jpg
pose-atlas-rebuild/2026-08-25/mohan-v3-pure-face-mask-r11-repair-main/revision-b	SUPERSEDED_BY_LORA_V2	臉部遮罩路線；identity 已改由 LoRA v2 承擔	pose-atlas-rebuild/2026-08-25/mohan-v3-pure-face-mask-r11-repair-main/revision-b/r11b-repair-contact-sheet.jpg
pose-atlas-rebuild/2026-08-25/mohan-v3-pure-face-mask-r11-repair-main/revision-d	SUPERSEDED_BY_LORA_V2	臉部遮罩路線；identity 已改由 LoRA v2 承擔	pose-atlas-rebuild/2026-08-25/mohan-v3-pure-face-mask-r11-repair-main/revision-d/r11d-repair-contact-sheet.jpg
pose-atlas-rebuild/2026-08-25/mohan-v3-pure-face-mask-r11-repair-main/revision-e	SUPERSEDED_BY_LORA_V2	臉部遮罩路線；identity 已改由 LoRA v2 承擔	pose-atlas-rebuild/2026-08-25/mohan-v3-pure-face-mask-r11-repair-main/revision-e/r11e-repair-contact-sheet.jpg
pose-atlas-rebuild/2026-08-25/mohan-v3-pure-face-mask-r11-repair-main/revision-f	SUPERSEDED_BY_LORA_V2	臉部遮罩路線；identity 已改由 LoRA v2 承擔	pose-atlas-rebuild/2026-08-25/mohan-v3-pure-face-mask-r11-repair-main/revision-f/r11f-repair-contact-sheet.jpg
pose-atlas-rebuild/2026-08-25/mohan-v3-pure-face-mask-r11-repair-main/revision-g	SUPERSEDED_BY_LORA_V2	臉部遮罩路線；identity 已改由 LoRA v2 承擔	pose-atlas-rebuild/2026-08-25/mohan-v3-pure-face-mask-r11-repair-main/revision-g/r11g-repair-contact-sheet.jpg
pose-atlas-rebuild/2026-08-25/mohan-v3-pure-face-mask-r11-repair-main/revision-h	SUPERSEDED_BY_LORA_V2	臉部遮罩路線；identity 已改由 LoRA v2 承擔	pose-atlas-rebuild/2026-08-25/mohan-v3-pure-face-mask-r11-repair-main/revision-h/r11h-repair-contact-sheet.jpg
pose-atlas-rebuild/2026-08-25/mohan-v3-pure-face-mask-r11-repair-main/revision-h-replay	SUPERSEDED_BY_LORA_V2	臉部遮罩路線；identity 已改由 LoRA v2 承擔	pose-atlas-rebuild/2026-08-25/mohan-v3-pure-face-mask-r11-repair-main/revision-h-replay/r11i-repair-contact-sheet.jpg
pose-atlas-rebuild/2026-08-25/mohan-v3-pure-face-mask-r11-repair-main/revision-i	SUPERSEDED_BY_LORA_V2	臉部遮罩路線；identity 已改由 LoRA v2 承擔	pose-atlas-rebuild/2026-08-25/mohan-v3-pure-face-mask-r11-repair-main/revision-i/r11i-repair-contact-sheet.jpg
pose-atlas-rebuild/2026-08-25/mohan-v3-pure-face-mask-r11-repair-main/revision-j	SUPERSEDED_BY_LORA_V2	臉部遮罩路線；identity 已改由 LoRA v2 承擔	pose-atlas-rebuild/2026-08-25/mohan-v3-pure-face-mask-r11-repair-main/revision-j/r11j-repair-contact-sheet.jpg
pose-atlas-rebuild/2026-08-25/mohan-v3-pure-face-mask-r11-repair-main/revision-k	SUPERSEDED_BY_LORA_V2	臉部遮罩路線；identity 已改由 LoRA v2 承擔	pose-atlas-rebuild/2026-08-25/mohan-v3-pure-face-mask-r11-repair-main/revision-k/r11k-repair-contact-sheet.jpg
pose-atlas-rebuild/2026-08-25/mohan-v3-pure-face-mask-r11-repair-main/revision-l	SUPERSEDED_BY_LORA_V2	臉部遮罩路線；identity 已改由 LoRA v2 承擔	pose-atlas-rebuild/2026-08-25/mohan-v3-pure-face-mask-r11-repair-main/revision-l/r11l-repair-contact-sheet.jpg
pose-atlas-rebuild/2026-08-25/mohan-v3-pure-face-mask-r12-agent-b/attempt-3-broad-roi-art-hold	SUPERSEDED_BY_LORA_V2	臉部遮罩路線；identity 已改由 LoRA v2 承擔	pose-atlas-rebuild/2026-08-25/mohan-v3-pure-face-mask-r12-agent-b/attempt-3-broad-roi-art-hold/r12-hair-additive-contact.png
pose-atlas-rebuild/2026-08-25/mohan-v3-pure-face-mask-r13-agent-b	SUPERSEDED_BY_LORA_V2	臉部遮罩路線；identity 已改由 LoRA v2 承擔	pose-atlas-rebuild/2026-08-25/mohan-v3-pure-face-mask-r13-agent-b/attempt-1-class-overlap-fail/r13-multiclass-rebuild-contact.png
pose-atlas-rebuild/2026-08-25/mohan-v3-pure-face-mask-r13-agent-b/attempt-1-class-overlap-fail	SUPERSEDED_BY_LORA_V2	臉部遮罩路線；identity 已改由 LoRA v2 承擔	pose-atlas-rebuild/2026-08-25/mohan-v3-pure-face-mask-r13-agent-b/attempt-1-class-overlap-fail/r13-multiclass-rebuild-contact.png
pose-atlas-rebuild/2026-08-25/mohan-v3-pure-face-mask-r13-agent-b/attempt-2-class-overlap-fail	SUPERSEDED_BY_LORA_V2	臉部遮罩路線；identity 已改由 LoRA v2 承擔	pose-atlas-rebuild/2026-08-25/mohan-v3-pure-face-mask-r13-agent-b/attempt-2-class-overlap-fail/r13-multiclass-rebuild-contact.png
pose-atlas-rebuild/2026-08-25/mohan-v3-pure-face-mask-r8-agent-b/attempt-1-hard-envelope-rejected	SUPERSEDED_BY_LORA_V2	臉部遮罩路線；identity 已改由 LoRA v2 承擔	pose-atlas-rebuild/2026-08-25/mohan-v3-pure-face-mask-r8-agent-b/attempt-1-hard-envelope-rejected/r8-repair-contact.png
pose-atlas-rebuild/2026-08-25/mohan-v3-pure-face-mask-r8-agent-b/attempt-2-soft-envelope-rejected	SUPERSEDED_BY_LORA_V2	臉部遮罩路線；identity 已改由 LoRA v2 承擔	pose-atlas-rebuild/2026-08-25/mohan-v3-pure-face-mask-r8-agent-b/attempt-2-soft-envelope-rejected/r8-repair-contact.png
pose-atlas-rebuild/2026-08-25/mohan-v3-pure-face-mask-r8-agent-b/attempt-3-face-envelope-rejected	SUPERSEDED_BY_LORA_V2	臉部遮罩路線；identity 已改由 LoRA v2 承擔	pose-atlas-rebuild/2026-08-25/mohan-v3-pure-face-mask-r8-agent-b/attempt-3-face-envelope-rejected/r8-repair-contact.png
pose-atlas-rebuild/2026-08-25/mohan-v3-pure-face-mask-r9-agent-b/attempt-1-manual-curves-partial-rejected	SUPERSEDED_BY_LORA_V2	臉部遮罩路線；identity 已改由 LoRA v2 承擔	pose-atlas-rebuild/2026-08-25/mohan-v3-pure-face-mask-r9-agent-b/attempt-1-manual-curves-partial-rejected/r9-manual-contour-contact.png
pose-atlas-rebuild/2026-08-25/mohan-v3-pure-face-mask-r9-agent-b/attempt-2-seq04-seq05-noop-hold	SUPERSEDED_BY_LORA_V2	臉部遮罩路線；identity 已改由 LoRA v2 承擔	pose-atlas-rebuild/2026-08-25/mohan-v3-pure-face-mask-r9-agent-b/attempt-2-seq04-seq05-noop-hold/r9-manual-contour-contact.png
pose-atlas-rebuild/2026-08-25/mohan-v4-seven-source-independent-admission-qa-agent-b	SUPERSEDED_BY_LORA_V2	identity 訓練候選比較；LoRA v2 已定案且權重已選	pose-atlas-rebuild/2026-08-25/mohan-v4-seven-source-independent-admission-qa-agent-b/seven-source-independent-mask-contact.png
pose-atlas-rebuild/2026-08-25/mohan-v4-seven-source-user-review-pack-agent-b	SUPERSEDED_BY_LORA_V2	identity 訓練候選比較；LoRA v2 已定案且權重已選	pose-atlas-rebuild/2026-08-25/mohan-v4-seven-source-user-review-pack-agent-b/v4-seven-source-user-review-overview.png
pose-atlas-rebuild/2026-08-25/ornament-source-audit	LIVE_LICENSING	素材來源授權；與生圖產線無關，白名單永遠適用	pose-atlas-rebuild/2026-08-25/ornament-source-audit/ornament-source-contact-sheet.jpg
pose-atlas-rebuild/2026-08-25/pure-face-v3-ornament-metadata-agent-c	LIVE_DLC_STRUCTURE	12 筆固定髮飾中繼資料清冊（METADATA_COMPLETE）；DLC 擁有權分層仍引用髮飾層定義	pose-atlas-rebuild/2026-08-25/pure-face-v3-ornament-metadata-agent-c/fixed-ornament-visual-index.jpg
pose-atlas-rebuild/2026-08-25/qwen2509-yaw045-face-neck-execution-pack-agent-b/qa-fixture-original	SUPERSEDED_BY_LORA_V2	臉部遮罩路線；identity 已改由 LoRA v2 承擔	pose-atlas-rebuild/2026-08-25/qwen2509-yaw045-face-neck-execution-pack-agent-b/qa-fixture-original/identity-manual-contact.png
pose-atlas-rebuild/2026-08-25/seq01-02-face-core-hole-minimal-repair-main	SUPERSEDED_BY_LORA_V2	臉部遮罩路線；identity 已改由 LoRA v2 承擔	pose-atlas-rebuild/2026-08-25/seq01-02-face-core-hole-minimal-repair-main/seq01-02-hole-repair-before-after-contact.png
pose-atlas-rebuild/2026-08-25/seq01-02-face-core-hole-minimal-repair-main/candidate-package	SUPERSEDED_BY_LORA_V2	臉部遮罩路線；identity 已改由 LoRA v2 承擔	pose-atlas-rebuild/2026-08-25/seq01-02-face-core-hole-minimal-repair-main/candidate-package/draft/seq01-overlay-hole-repaired.draft.png
pose-atlas-rebuild/2026-08-25/seq01-02-face-core-hole-minimal-repair-main/candidate-package/draft	SUPERSEDED_BY_LORA_V2	臉部遮罩路線；identity 已改由 LoRA v2 承擔	pose-atlas-rebuild/2026-08-25/seq01-02-face-core-hole-minimal-repair-main/candidate-package/draft/seq01-overlay-hole-repaired.draft.png
pose-atlas-rebuild/2026-08-25/seq01-02-independent-machine-qa-and-loader-dry-run-main	SUPERSEDED_BY_LORA_V2	seq01-02 資料載入器乾跑 QA；該資料序列已被 v2/v3 資料集取代	pose-atlas-rebuild/2026-08-25/seq01-02-independent-machine-qa-and-loader-dry-run-main/mask-continuity-qa-contact.png
pose-atlas-rebuild/2026-08-25/seq01-02-owner-mask-caption-binding-production-main/draft	SUPERSEDED_BY_LORA_V2	caption 綁定草稿（DRAFT 未定稿）；caption 政策已在 v3 重立（五官不入 caption）	pose-atlas-rebuild/2026-08-25/seq01-02-owner-mask-caption-binding-production-main/draft/seq01-overlay.draft.png
pose-atlas-rebuild/2026-08-25/yaw-015-candidate-gate-wrapper-agent-a/runs/known-negative-c044	SUPERSEDED_BY_GEOMETRY_CONDITIONING	逐角度撈候選；24 視角改為確定性產生	pose-atlas-rebuild/2026-08-25/yaw-015-candidate-gate-wrapper-agent-a/runs/known-negative-c044/ornament-hands-shoes-boundary-contact.png
pose-atlas-rebuild/2026-08-25/yaw-015-candidate-gate-wrapper-agent-a/runs/known-negative-c044-cmd-outer	SUPERSEDED_BY_GEOMETRY_CONDITIONING	逐角度撈候選；24 視角改為確定性產生	pose-atlas-rebuild/2026-08-25/yaw-015-candidate-gate-wrapper-agent-a/runs/known-negative-c044-cmd-outer/ornament-hands-shoes-boundary-contact.png
pose-atlas-rebuild/2026-08-25/yaw-015-candidate-gate-wrapper-agent-a/runs/yaw-015-v5-pre-review	SUPERSEDED_BY_GEOMETRY_CONDITIONING	逐角度撈候選；24 視角改為確定性產生	pose-atlas-rebuild/2026-08-25/yaw-015-candidate-gate-wrapper-agent-a/runs/yaw-015-v5-pre-review/ornament-hands-shoes-boundary-contact.png
pose-atlas-rebuild/2026-08-25/yaw015-flux-schnell-staging-agent-b	SUPERSEDED_BY_GEOMETRY_CONDITIONING	逐角度撈候選；24 視角改為確定性產生	pose-atlas-rebuild/2026-08-25/yaw015-flux-schnell-staging-agent-b/three-view-fixture/three-view-contact.png
pose-atlas-rebuild/2026-08-25/yaw015-flux-schnell-staging-agent-b/three-view-fixture	SUPERSEDED_BY_GEOMETRY_CONDITIONING	逐角度撈候選；24 視角改為確定性產生	pose-atlas-rebuild/2026-08-25/yaw015-flux-schnell-staging-agent-b/three-view-fixture/three-view-contact.png
pose-atlas-rebuild/2026-08-25/yaw015-unique-candidate-strict-screen-agent-b	SUPERSEDED_BY_GEOMETRY_CONDITIONING	逐角度撈候選；24 視角改為確定性產生	pose-atlas-rebuild/2026-08-25/yaw015-unique-candidate-strict-screen-agent-b/yaw015-strict-screen-contact.png
pose-atlas-rebuild/2026-08-25/yaw030-candidate-v2-birefnet-main	SUPERSEDED_BY_GEOMETRY_CONDITIONING	逐角度撈候選；24 視角改為確定性產生	pose-atlas-rebuild/2026-08-25/yaw030-candidate-v2-birefnet-main/yaw+060-pitch+00.candidate-v1.imagegen-raw.png
pose-atlas-rebuild/2026-08-25/yaw030-flux-schnell-staging-agent-b/continuity-fixture	SUPERSEDED_BY_GEOMETRY_CONDITIONING	逐角度撈候選；24 視角改為確定性產生	pose-atlas-rebuild/2026-08-25/yaw030-flux-schnell-staging-agent-b/continuity-fixture/adjacent-contact.png
pose-atlas-rebuild/2026-08-25/yaw045-baseline-lora-alpha-dlc-qa-agent-c/birefnet/candidate-01-yaw+045-pitch+00.flux-img2img-s0.20/geometry	LIVE_DLC_STRUCTURE	DLC 的解剖／服裝分離結構；套用到新的 24 視角仍需要	pose-atlas-rebuild/2026-08-25/yaw045-baseline-lora-alpha-dlc-qa-agent-c/birefnet/candidate-01-yaw+045-pitch+00.flux-img2img-s0.20/geometry/geometry-contact.png
pose-atlas-rebuild/2026-08-25/yaw045-baseline-lora-alpha-dlc-qa-agent-c/birefnet/candidate-02-yaw+045-pitch+00.flux-img2img-lora-s0.20/geometry	LIVE_DLC_STRUCTURE	DLC 的解剖／服裝分離結構；套用到新的 24 視角仍需要	pose-atlas-rebuild/2026-08-25/yaw045-baseline-lora-alpha-dlc-qa-agent-c/birefnet/candidate-02-yaw+045-pitch+00.flux-img2img-lora-s0.20/geometry/geometry-contact.png
pose-atlas-rebuild/2026-08-25/yaw045-birefnet-readiness-agent-a/smoke-old-angle-not-approved	SUPERSEDED_BY_GEOMETRY_CONDITIONING	逐角度撈候選；24 視角改為確定性產生	pose-atlas-rebuild/2026-08-25/yaw045-birefnet-readiness-agent-a/smoke-old-angle-not-approved/yaw+045-pitch+00.old-angle-env-smoke.birefnet-preview.png
pose-atlas-rebuild/2026-08-25/yaw045-flux-schnell-attempt4-geometry-strong-agent-b/inference	SUPERSEDED_BY_GEOMETRY_CONDITIONING	逐角度撈候選；24 視角改為確定性產生	pose-atlas-rebuild/2026-08-25/yaw045-flux-schnell-attempt4-geometry-strong-agent-b/inference/yaw+045-pitch+00.flux-img2img-lora-s0.15.png
pose-atlas-rebuild/2026-08-25/yaw045-flux-schnell-attempt5-fullbody-gray-geometry-agent-b	SUPERSEDED_BY_GEOMETRY_CONDITIONING	逐角度撈候選；24 視角改為確定性產生	pose-atlas-rebuild/2026-08-25/yaw045-flux-schnell-attempt5-fullbody-gray-geometry-agent-b/art-gate-step8-s0.20/art-gate-contact.png
pose-atlas-rebuild/2026-08-25/yaw045-flux-schnell-attempt5-fullbody-gray-geometry-agent-b/inference-step8	SUPERSEDED_BY_GEOMETRY_CONDITIONING	逐角度撈候選；24 視角改為確定性產生	pose-atlas-rebuild/2026-08-25/yaw045-flux-schnell-attempt5-fullbody-gray-geometry-agent-b/inference-step8/yaw+045-pitch+00.flux-img2img-lora-s0.20.png
pose-atlas-rebuild/2026-08-25/yaw045-flux-schnell-epoch1-identity-sample-agent-b/attempt-3-fixed-output/output	SUPERSEDED_BY_GEOMETRY_CONDITIONING	逐角度撈候選；24 視角改為確定性產生	pose-atlas-rebuild/2026-08-25/yaw045-flux-schnell-epoch1-identity-sample-agent-b/attempt-3-fixed-output/output/yaw+045-pitch+00.flux-img2img-lora-s0.20.png
pose-atlas-rebuild/2026-08-25/yaw045-lora-ab-upcoming-run-main/baseline	SUPERSEDED_BY_GEOMETRY_CONDITIONING	逐角度撈候選；24 視角改為確定性產生	pose-atlas-rebuild/2026-08-25/yaw045-lora-ab-upcoming-run-main/baseline/yaw+045-pitch+00.flux-img2img-s0.20.png
pose-atlas-rebuild/2026-08-25/yaw045-lora-ab-upcoming-run-main/lora	SUPERSEDED_BY_GEOMETRY_CONDITIONING	逐角度撈候選；24 視角改為確定性產生	pose-atlas-rebuild/2026-08-25/yaw045-lora-ab-upcoming-run-main/lora/yaw+045-pitch+00.flux-img2img-lora-s0.20.png
pose-atlas-rebuild/2026-08-25/yaw045-lora-single-art-qa-agent-b	SUPERSEDED_BY_GEOMETRY_CONDITIONING	flux 時代 yaw045 單視角候選的技術 QA（PENDING_MANUAL 未結案）；候選路線已被幾何條件化取代	pose-atlas-rebuild/2026-08-25/yaw045-lora-single-art-qa-agent-b/lora-authority-art-contact.png
pose-atlas-rebuild/2026-08-25/yaw045-renderer-minus045-separated-controls-agent-b	LIVE_GEOMETRY_CONTRACT	幾何控制契約；正是現行產線的上游	pose-atlas-rebuild/2026-08-25/yaw045-renderer-minus045-separated-controls-agent-b/separated-controls-contact.png
pose-atlas-rebuild/2026-08-25/yaw090-candidate-v1-raw-qa-agent-a	SUPERSEDED_BY_GEOMETRY_CONDITIONING	逐角度撈候選；24 視角改為確定性產生	pose-atlas-rebuild/2026-08-25/yaw090-candidate-v1-raw-qa-agent-a/yaw090-face-identity-reference-contact.png
pose-atlas-rebuild/2026-08-26/b00-thumb-nail-precision-agent-c	LIVE_SHIPPED_ATLAS_PROVENANCE	出貨中 v4 圖集手部指甲修補的 8x/20x 前後對照；v4 仍是實機資產，修補履歷屬現行資產出處鏈	pose-atlas-rebuild/2026-08-26/b00-thumb-nail-precision-agent-c/yaw+000-pitch+00.approved-rgba.thumb-nails-clean-v2.owner-review.png
pose-atlas-rebuild/2026-08-26/canonical-yaw000-step16-attempt6-guidance2	SUPERSEDED_BY_GEOMETRY_CONDITIONING	逐角度撈候選；24 視角改為確定性產生	pose-atlas-rebuild/2026-08-26/canonical-yaw000-step16-attempt6-guidance2/yaw+000-pitch+00_composed-staging.png
pose-atlas-rebuild/2026-08-26/canonical-yaw000-step16-attempt7-truecfg2	SUPERSEDED_BY_GEOMETRY_CONDITIONING	逐角度撈候選；24 視角改為確定性產生	pose-atlas-rebuild/2026-08-26/canonical-yaw000-step16-attempt7-truecfg2/yaw+000-pitch+00_composed-staging.png
pose-atlas-rebuild/2026-08-26/face-only-refine24-staging-v1/yaw+045-pitch+00	SUPERSEDED_BY_LORA_V2	臉部遮罩路線；identity 已改由 LoRA v2 承擔	pose-atlas-rebuild/2026-08-26/face-only-refine24-staging-v1/yaw+045-pitch+00/step16_identity-yunet-overlay.png
pose-atlas-rebuild/2026-08-26/face-only-refine24-staging-v1/yaw+045-pitch+00-inpaint-v2	SUPERSEDED_BY_LORA_V2	臉部遮罩路線；identity 已改由 LoRA v2 承擔	pose-atlas-rebuild/2026-08-26/face-only-refine24-staging-v1/yaw+045-pitch+00-inpaint-v2/step16_identity-yunet-overlay.png
pose-atlas-rebuild/2026-08-26/flux2-klein-identity28-train-agent-identity/output-step16-v2/visual-samples	SUPERSEDED_BY_LORA_V2	identity 訓練候選比較；LoRA v2 已定案且權重已選	pose-atlas-rebuild/2026-08-26/flux2-klein-identity28-train-agent-identity/output-step16-v2/visual-samples/step16-seed20260826-yaw+045.png
pose-atlas-rebuild/2026-08-26/flux2-klein-identity28-train-agent-identity/output-step32-v1	SUPERSEDED_BY_LORA_V2	identity 訓練候選比較；LoRA v2 已定案且權重已選	pose-atlas-rebuild/2026-08-26/flux2-klein-identity28-train-agent-identity/output-step32-v1/diffusers-yaw045-from-yaw030-step32/birefnet-offline/yaw+045-pitch+00.birefnet-preview.png
pose-atlas-rebuild/2026-08-26/flux2-klein-identity28-train-agent-identity/output-step32-v1/diffusers-yaw045-step32	SUPERSEDED_BY_LORA_V2	identity 訓練候選比較；LoRA v2 已定案且權重已選	pose-atlas-rebuild/2026-08-26/flux2-klein-identity28-train-agent-identity/output-step32-v1/diffusers-yaw045-step32/birefnet-offline/yaw+045-pitch+00.birefnet-preview.png
pose-atlas-rebuild/2026-08-26/flux2-klein-q4km-yaw+045-b00-plus-shaded3d-512x768	SUPERSEDED_BY_CHROMA_PIPELINE	Flux 系試驗；現行產線為 Chroma1-HD	pose-atlas-rebuild/2026-08-26/flux2-klein-q4km-yaw+045-b00-plus-shaded3d-512x768/birefnet-offline/yaw+045-pitch+00.birefnet-preview.png
pose-atlas-rebuild/2026-08-26/flux2-klein-q4km-yaw+045-b00-shaded3d-identity-step32-512x768	SUPERSEDED_BY_LORA_V2	identity 訓練候選比較；LoRA v2 已定案且權重已選	pose-atlas-rebuild/2026-08-26/flux2-klein-q4km-yaw+045-b00-shaded3d-identity-step32-512x768/birefnet-offline/yaw+045-pitch+00.birefnet-preview.png
pose-atlas-rebuild/2026-08-26/flux2-klein-q4km-yaw+045-shaded3d-512x768	SUPERSEDED_BY_CHROMA_PIPELINE	Flux 系試驗；現行產線為 Chroma1-HD	pose-atlas-rebuild/2026-08-26/flux2-klein-q4km-yaw+045-shaded3d-512x768/birefnet-offline/yaw+045-pitch+00.birefnet-preview.png
pose-atlas-rebuild/2026-08-26/flux2-klein-step16-two-reference-yaw045-clean-v2-attempt1	SUPERSEDED_BY_GEOMETRY_CONDITIONING	逐角度撈候選；24 視角改為確定性產生	pose-atlas-rebuild/2026-08-26/flux2-klein-step16-two-reference-yaw045-clean-v2-attempt1/yaw+045-pitch+00-step16-two-reference-filmgrain-final-candidate.png
pose-atlas-rebuild/2026-08-26/flux2-klein-step16-yaw045-inpaint-effective-v2	SUPERSEDED_BY_CHROMA_PIPELINE	Flux 系試驗；現行產線為 Chroma1-HD	pose-atlas-rebuild/2026-08-26/flux2-klein-step16-yaw045-inpaint-effective-v2/yaw+045-pitch+00-step16-two-reference-filmgrain-final-candidate.png
pose-atlas-rebuild/2026-08-26/identity-checkpoint-idle-front-step16-proof-agent-b	SUPERSEDED_BY_LORA_V2	identity 訓練候選比較；LoRA v2 已定案且權重已選	pose-atlas-rebuild/2026-08-26/identity-checkpoint-idle-front-step16-proof-agent-b/step16_idle_front_validation.png
pose-atlas-rebuild/2026-08-26/identity-checkpoint-idle-front-step24-48-agent-b	SUPERSEDED_BY_LORA_V2	identity 訓練候選比較；LoRA v2 已定案且權重已選	pose-atlas-rebuild/2026-08-26/identity-checkpoint-idle-front-step24-48-agent-b/identity-checkpoint-idle-front-contact.jpg
pose-atlas-rebuild/2026-08-26/identity-step32-48-64-yaw000-compare-v2/step32	SUPERSEDED_BY_LORA_V2	identity 訓練候選比較；LoRA v2 已定案且權重已選	pose-atlas-rebuild/2026-08-26/identity-step32-48-64-yaw000-compare-v2/step32/yaw+000-pitch+00_composed-staging.png
pose-atlas-rebuild/2026-08-26/identity-step32-48-64-yaw000-compare-v2/step48	SUPERSEDED_BY_LORA_V2	identity 訓練候選比較；LoRA v2 已定案且權重已選	pose-atlas-rebuild/2026-08-26/identity-step32-48-64-yaw000-compare-v2/step48/yaw+000-pitch+00_composed-staging.png
pose-atlas-rebuild/2026-08-26/identity-step32-48-64-yaw000-compare-v2/step64	SUPERSEDED_BY_LORA_V2	identity 訓練候選比較；LoRA v2 已定案且權重已選	pose-atlas-rebuild/2026-08-26/identity-step32-48-64-yaw000-compare-v2/step64/yaw+000-pitch+00_composed-staging.png
pose-atlas-rebuild/2026-08-26/identity-step32-48-64-yaw000-compare.quarantine-lineage-changed-REJECTED/step32	SUPERSEDED_BY_LORA_V2	identity 訓練候選比較；LoRA v2 已定案且權重已選	pose-atlas-rebuild/2026-08-26/identity-step32-48-64-yaw000-compare.quarantine-lineage-changed-REJECTED/step32/yaw+000-pitch+00_composed-staging.png
pose-atlas-rebuild/2026-08-26/identity-step32-48-64-yaw000-compare.quarantine-lineage-changed-REJECTED/step48	SUPERSEDED_BY_LORA_V2	identity 訓練候選比較；LoRA v2 已定案且權重已選	pose-atlas-rebuild/2026-08-26/identity-step32-48-64-yaw000-compare.quarantine-lineage-changed-REJECTED/step48/yaw+000-pitch+00_composed-staging.png
pose-atlas-rebuild/2026-08-26/identity-step32-48-64-yaw000-compare.quarantine-lineage-changed-REJECTED/step64	SUPERSEDED_BY_LORA_V2	identity 訓練候選比較；LoRA v2 已定案且權重已選	pose-atlas-rebuild/2026-08-26/identity-step32-48-64-yaw000-compare.quarantine-lineage-changed-REJECTED/step64/yaw+000-pitch+00_composed-staging.png
pose-atlas-rebuild/2026-08-26/identity-v3-distinct12-source-selection-agent-b	SUPERSEDED_BY_LORA_V2	identity 訓練候選比較；LoRA v2 已定案且權重已選	pose-atlas-rebuild/2026-08-26/identity-v3-distinct12-source-selection-agent-b/v3-distinct12-source-contact.png
pose-atlas-rebuild/2026-08-26/mhr-segment-overlay-local-axis-agent-b	LIVE_GEOMETRY_CONTRACT	幾何控制契約；正是現行產線的上游	pose-atlas-rebuild/2026-08-26/mhr-segment-overlay-local-axis-agent-b/five-segment-overlay-contact.png
pose-atlas-rebuild/2026-08-26/mohan-identity-v3-diverse12-candidate-agent-c	SUPERSEDED_BY_LORA_V2	identity 訓練候選比較；LoRA v2 已定案且權重已選	pose-atlas-rebuild/2026-08-26/mohan-identity-v3-diverse12-candidate-agent-c/v3-diverse12-owner-review-contact.png
pose-atlas-rebuild/2026-08-26/mohan-identity-v3-diverse28-candidate-agent-c	SUPERSEDED_BY_LORA_V2	identity 訓練候選比較；LoRA v2 已定案且權重已選	pose-atlas-rebuild/2026-08-26/mohan-identity-v3-diverse28-candidate-agent-c/v3-diverse28-owner-review-contact.png
pose-atlas-rebuild/2026-08-26/mohan-identity-v3-diverse28-candidate-agent-c/canonical-yaw000-step16-attempt4	SUPERSEDED_BY_LORA_V2	identity 訓練候選比較；LoRA v2 已定案且權重已選	pose-atlas-rebuild/2026-08-26/mohan-identity-v3-diverse28-candidate-agent-c/canonical-yaw000-step16-attempt4/yaw+000-pitch+00_composed-staging.png
pose-atlas-rebuild/2026-08-26/mohan-identity-v3-diverse28-candidate-agent-c/identity-rank8-512-weighted64-output-v2/checkpoint-step000016	SUPERSEDED_BY_LORA_V2	identity 訓練候選比較；LoRA v2 已定案且權重已選	pose-atlas-rebuild/2026-08-26/mohan-identity-v3-diverse28-candidate-agent-c/identity-rank8-512-weighted64-output-v2/checkpoint-step000016/owner-review-fixed-seed/yaw+090-pitch+00.png
pose-atlas-rebuild/2026-08-26/mohan-identity-v3-diverse28-candidate-agent-c/identity-rank8-512-weighted64-output-v2/checkpoint-step000016/owner-review-fixed-seed	SUPERSEDED_BY_LORA_V2	identity 訓練候選比較；LoRA v2 已定案且權重已選	pose-atlas-rebuild/2026-08-26/mohan-identity-v3-diverse28-candidate-agent-c/identity-rank8-512-weighted64-output-v2/checkpoint-step000016/owner-review-fixed-seed/yaw+090-pitch+00.png
pose-atlas-rebuild/2026-08-26/seq01-02-exact-bound-two-image-lora-smoke-agent-d/dataset	SUPERSEDED_BY_GEOMETRY_CONDITIONING	逐角度撈候選；24 視角改為確定性產生	pose-atlas-rebuild/2026-08-26/seq01-02-exact-bound-two-image-lora-smoke-agent-d/dataset/seq01-loss-mask-alpha-intersection.png
pose-atlas-rebuild/2026-08-26/yaw000-owner-identity-only-review-agent-b	SUPERSEDED_BY_LORA_V2	flux 候選的身份審查（KNOWN_IDENTITY_FAIL）；身份路線已移至 LoRA v2/v3	pose-atlas-rebuild/2026-08-26/yaw000-owner-identity-only-review-agent-b/yaw000-owner-identity-review-contact.png
pose-atlas-rebuild/2026-08-26/yaw015-owner-identity-only-review-agent-b	SUPERSEDED_BY_LORA_V2	同 yaw000 身份審查（HOLD）；身份路線已移至 LoRA v2/v3	pose-atlas-rebuild/2026-08-26/yaw015-owner-identity-only-review-agent-b/yaw015-owner-identity-contact.png
pose-atlas-rebuild/2026-08-26/yaw015-yaw075-adjacent-imagegen-agent-d	SUPERSEDED_BY_GEOMETRY_CONDITIONING	逐角度撈候選；24 視角改為確定性產生	pose-atlas-rebuild/2026-08-26/yaw015-yaw075-adjacent-imagegen-agent-d/yaw+015-pitch+00.candidate-v12.imagegen-raw.png
pose-atlas-rebuild/2026-08-26/yaw030-yaw060-adjacent-imagegen-agent-d	SUPERSEDED_BY_GEOMETRY_CONDITIONING	逐角度撈候選；24 視角改為確定性產生	pose-atlas-rebuild/2026-08-26/yaw030-yaw060-adjacent-imagegen-agent-d/yaw+060-pitch+00.candidate-v11.imagegen-raw.png
pose-atlas-rebuild/2026-08-26/yaw045-face-neck-stage1-contract-agent-b	SUPERSEDED_BY_LORA_V2	臉部遮罩路線；identity 已改由 LoRA v2 承擔	pose-atlas-rebuild/2026-08-26/yaw045-face-neck-stage1-contract-agent-b/control-source-contact-sheet.png
pose-atlas-rebuild/2026-08-26/yaw045-final-face-composite-agent-identity-v1	SUPERSEDED_BY_CHROMA_PIPELINE	舊臉部貼合路線的定位證據；此路線的結構性缺陷（頭部角度不吻合）2026-08-31 由擁有者再次否決	pose-atlas-rebuild/2026-08-26/yaw045-final-face-composite-agent-identity-v1/yaw+045-pitch+00-final-face-composited-rgba.png
pose-atlas-rebuild/2026-08-26/yaw045-final-face-patch-agent-identity-v1	SUPERSEDED_BY_CHROMA_PIPELINE	舊臉部貼片 v1（OWNER_VISUAL_PENDING 未結案）；貼合路線已否決	pose-atlas-rebuild/2026-08-26/yaw045-final-face-patch-agent-identity-v1/yaw+045-pitch+00-mohan-face-patch-alpha-contact.png
pose-atlas-rebuild/2026-08-26/yaw045-final-face-patch-agent-identity-v2	SUPERSEDED_BY_CHROMA_PIPELINE	舊臉部貼片 v2（OWNER_VISUAL_PENDING 未結案）；貼合路線已否決	pose-atlas-rebuild/2026-08-26/yaw045-final-face-patch-agent-identity-v2/yaw+045-pitch+00-mohan-face-patch-alpha-contact.png
pose-atlas-rebuild/2026-08-26/yaw045-flux-soft-img2img-exploration-contract-agent-b/quarantine-white-composite-input	SUPERSEDED_BY_CHROMA_PIPELINE	Flux 系試驗；現行產線為 Chroma1-HD	pose-atlas-rebuild/2026-08-26/yaw045-flux-soft-img2img-exploration-contract-agent-b/quarantine-white-composite-input/yaw+045-pitch+00.candidate-v3.white-composite-rgb.png
pose-atlas-rebuild/2026-08-26/yaw045-new-candidate-imagegen-agent-d	SUPERSEDED_BY_GEOMETRY_CONDITIONING	逐角度撈候選；24 視角改為確定性產生	pose-atlas-rebuild/2026-08-26/yaw045-new-candidate-imagegen-agent-d/yaw+045-pitch+00.candidate-v10.imagegen-raw.png
pose-atlas-rebuild/2026-08-26/yaw045-stage1-shared-yaw-control-contract-agent-b	LIVE_GEOMETRY_CONTRACT	幾何控制契約；正是現行產線的上游	pose-atlas-rebuild/2026-08-26/yaw045-stage1-shared-yaw-control-contract-agent-b/control-requirements-contact.png
pose-atlas-rebuild/2026-08-26/yaw045-v10-25-layer-semantic-staging-agent-c	SUPERSEDED_BY_GEOMETRY_CONDITIONING	逐角度撈候選；24 視角改為確定性產生	pose-atlas-rebuild/2026-08-26/yaw045-v10-25-layer-semantic-staging-agent-c/yaw+045-pitch+00.recomposed.png
pose-atlas-rebuild/2026-08-26/yaw045-v10-dlc-ownership-agent-c	LIVE_DLC_STRUCTURE	DLC 的解剖／服裝分離結構；套用到新的 24 視角仍需要	pose-atlas-rebuild/2026-08-26/yaw045-v10-dlc-ownership-agent-c/yaw+045-pitch+00_anatomy-plus-outfit.png
pose-atlas-rebuild/2026-08-26/yaw045-v4-nongenerative-geometry-requirements-agent-b	LIVE_GEOMETRY_CONTRACT	幾何控制契約；正是現行產線的上游	pose-atlas-rebuild/2026-08-26/yaw045-v4-nongenerative-geometry-requirements-agent-b/candidate-v4-before-target-overlay.png
pose-atlas-rebuild/2026-08-26/yaw060-v11-25-layer-semantic-staging-agent-c	SUPERSEDED_BY_GEOMETRY_CONDITIONING	逐角度撈候選；24 視角改為確定性產生	pose-atlas-rebuild/2026-08-26/yaw060-v11-25-layer-semantic-staging-agent-c/yaw+060-pitch+00.recomposed.png
pose-atlas-rebuild/2026-08-26/yaw090-flux-img2img-lora-3d-agent-d/inference-output	SUPERSEDED_BY_CHROMA_PIPELINE	Flux 系試驗；現行產線為 Chroma1-HD	pose-atlas-rebuild/2026-08-26/yaw090-flux-img2img-lora-3d-agent-d/inference-output/yaw+090-pitch+00.flux-img2img-owner12-lora-3d-s0.55.png
pose-atlas-rebuild/2026-08-26/yaw090-flux-img2img-lora-3d-agent-d/inference-output-s090	SUPERSEDED_BY_CHROMA_PIPELINE	Flux 系試驗；現行產線為 Chroma1-HD	pose-atlas-rebuild/2026-08-26/yaw090-flux-img2img-lora-3d-agent-d/inference-output-s090/yaw+090-pitch+00.flux-img2img-owner12-lora-3d-s0.90.birefnet-preview.png
pose-atlas-rebuild/2026-08-25/candidate-status-registry-agent-c	SUPERSEDED_BY_GEOMETRY_CONDITIONING	逐角度撈候選；24 視角改為確定性產生	
pose-atlas-rebuild/2026-08-25/candidate3-body-skin-readiness-agent-a	SUPERSEDED_BY_GEOMETRY_CONDITIONING	逐角度撈候選；24 視角改為確定性產生	
pose-atlas-rebuild/2026-08-25/flux-formal-single-step-orchestrator-agent-a	SUPERSEDED_BY_CHROMA_PIPELINE	Flux 系試驗；現行產線為 Chroma1-HD	
pose-atlas-rebuild/2026-08-25/flux-nf4-cached-single-step-agent-a	SUPERSEDED_BY_CHROMA_PIPELINE	Flux 系試驗；現行產線為 Chroma1-HD	
pose-atlas-rebuild/2026-08-25/flux-nf4-cached-single-step-agent-a/official-hardware-probe-output	SUPERSEDED_BY_CHROMA_PIPELINE	Flux 系試驗；現行產線為 Chroma1-HD	
pose-atlas-rebuild/2026-08-25/flux-nf4-cached-single-step-agent-a/official-hardware-probe-save-on-cpu-output	SUPERSEDED_BY_CHROMA_PIPELINE	Flux 系試驗；現行產線為 Chroma1-HD	
pose-atlas-rebuild/2026-08-25/flux-offline-cache-preflight-agent-a/current-validation	SUPERSEDED_BY_CHROMA_PIPELINE	flux 離線快取預檢（FAIL_CLOSED）；flux 產線整條退役	
pose-atlas-rebuild/2026-08-25/flux-schnell-commercial-compatibility-agent-a	SUPERSEDED_BY_CHROMA_PIPELINE	Flux 系試驗；現行產線為 Chroma1-HD	
pose-atlas-rebuild/2026-08-25/flux-v2-r3-rank4-formal-minimum-segment-main/formal-segment-output	SUPERSEDED_BY_CHROMA_PIPELINE	Flux 系試驗；現行產線為 Chroma1-HD	
pose-atlas-rebuild/2026-08-25/flux-v2-r3-rank4-formal-minimum-segment-main/formal-segment-output/checkpoint-step000003	SUPERSEDED_BY_CHROMA_PIPELINE	Flux 系試驗；現行產線為 Chroma1-HD	
pose-atlas-rebuild/2026-08-25/flux-v2-r3-rank4-formal-minimum-segment-main/formal-segment-output/checkpoint-step000004	SUPERSEDED_BY_CHROMA_PIPELINE	Flux 系試驗；現行產線為 Chroma1-HD	
pose-atlas-rebuild/2026-08-25/flux-v2-r3-rank4-formal-step5-8-main/formal-step5-8-output-attempt-2	SUPERSEDED_BY_GEOMETRY_CONDITIONING	逐角度撈候選；24 視角改為確定性產生	
pose-atlas-rebuild/2026-08-25/flux-v2-r3-rank4-formal-step5-8-main/formal-step5-8-output-attempt-2/checkpoint-step000005	SUPERSEDED_BY_GEOMETRY_CONDITIONING	逐角度撈候選；24 視角改為確定性產生	
pose-atlas-rebuild/2026-08-25/flux-v2-r3-rank4-formal-step5-8-main/formal-step5-8-output-attempt-2/checkpoint-step000006	SUPERSEDED_BY_GEOMETRY_CONDITIONING	逐角度撈候選；24 視角改為確定性產生	
pose-atlas-rebuild/2026-08-25/flux-v2-r3-rank4-formal-step5-8-main/formal-step5-8-output-attempt-2/checkpoint-step000007	SUPERSEDED_BY_GEOMETRY_CONDITIONING	逐角度撈候選；24 視角改為確定性產生	
pose-atlas-rebuild/2026-08-25/flux-v2-r3-rank4-formal-step5-8-main/formal-step5-8-output-attempt-2/checkpoint-step000008	SUPERSEDED_BY_GEOMETRY_CONDITIONING	逐角度撈候選；24 視角改為確定性產生	
pose-atlas-rebuild/2026-08-25/flux-v2-r3-rank4-formal-step5-8-main/resume-step4-view	SUPERSEDED_BY_CHROMA_PIPELINE	Flux 系試驗；現行產線為 Chroma1-HD	
pose-atlas-rebuild/2026-08-25/flux-v2-r3-rank4-formal-step5-8-main/resume-step4-view-attempt-2	SUPERSEDED_BY_GEOMETRY_CONDITIONING	逐角度撈候選；24 視角改為確定性產生	
pose-atlas-rebuild/2026-08-25/flux-v2-r3-rank4-formal-step9-12-main/resume-step8-view	SUPERSEDED_BY_CHROMA_PIPELINE	Flux 系試驗；現行產線為 Chroma1-HD	
pose-atlas-rebuild/2026-08-25/flux-v2-r3-rank4-two-step-smoke-main	SUPERSEDED_BY_GEOMETRY_CONDITIONING	逐角度撈候選；24 視角改為確定性產生	
pose-atlas-rebuild/2026-08-25/flux-v2-r3-rank4-two-step-smoke-main/gpu-smoke-output	SUPERSEDED_BY_GEOMETRY_CONDITIONING	逐角度撈候選；24 視角改為確定性產生	
pose-atlas-rebuild/2026-08-25/flux-v4-seven-source-cache-envelope-agent-b	SUPERSEDED_BY_LORA_V2	identity 訓練候選比較；LoRA v2 已定案且權重已選	
pose-atlas-rebuild/2026-08-25/identity-garment-separation-audit-agent-b	SUPERSEDED_BY_LORA_V2	身份/服裝解綁稽核（FAIL）；其教訓已制度化為 v3 caption 政策（五官不入 caption、髮型服裝必入）	
pose-atlas-rebuild/2026-08-25/lora-seq01-02-overfit-smoke-preflight-main	SUPERSEDED_BY_GEOMETRY_CONDITIONING	逐角度撈候選；24 視角改為確定性產生	
pose-atlas-rebuild/2026-08-25/lora-smoke-local-supply-chain-preflight-main	SUPERSEDED_BY_GEOMETRY_CONDITIONING	逐角度撈候選；24 視角改為確定性產生	
pose-atlas-rebuild/2026-08-25/mohan-face-only-identity-training-v3-staging-agent-b/attempt-1-qa-bug	SUPERSEDED_BY_LORA_V2	臉部遮罩路線；identity 已改由 LoRA v2 承擔	
pose-atlas-rebuild/2026-08-25/seq01-02-face-core-hole-minimal-repair-main/candidate-package/owner-input	SUPERSEDED_BY_LORA_V2	臉部遮罩路線；identity 已改由 LoRA v2 承擔	
pose-atlas-rebuild/2026-08-25/seq01-02-lora-smoke-binding-preflight-main/owner-input	SUPERSEDED_BY_GEOMETRY_CONDITIONING	逐角度撈候選；24 視角改為確定性產生	
pose-atlas-rebuild/2026-08-25/seq01-02-owner-mask-caption-binding-production-main/owner-input	LIVE_OWNER_RULING_RECORD	擁有者最終美術裁決與綁定 SHA256；裁決紀錄不隨管線世代作廢	
pose-atlas-rebuild/2026-08-25/seq01-02-owner-review-polygon-annotation-pack-main/annotation-templates	SUPERSEDED_BY_LORA_V2	多邊形標註模板；所屬 seq01-02 流程已被 v2/v3 資料集取代	
pose-atlas-rebuild/2026-08-25/yaw045-lora-ab-visual-qa-framework-agent-b	SUPERSEDED_BY_GEOMETRY_CONDITIONING	逐角度撈候選；24 視角改為確定性產生	
pose-atlas-rebuild/2026-08-26/formal-24-view-evidence-coverage-matrix-agent-b	LIVE_OWNER_RULING_RECORD	「無任何候選具正式資格」的真相邊界紀錄（HOLD_NO_FORMAL_VIEW_ADMITTED）；防止舊候選被誤晉升，至今仍為真	
pose-atlas-rebuild/2026-08-26/lora-dataset-gate-agent-d	SUPERSEDED_BY_LORA_V2	LoRA 資料集唯讀閘門稽核；稽核對象已被 v3 資料集取代	
pose-atlas-rebuild/2026-08-26/seq01-02-exact-bound-two-image-lora-smoke-agent-d/training-output	SUPERSEDED_BY_GEOMETRY_CONDITIONING	逐角度撈候選；24 視角改為確定性產生	
pose-atlas-rebuild/2026-08-26/yaw045-candidate-v3-remake-input-spec-agent-b	SUPERSEDED_BY_GEOMETRY_CONDITIONING	逐角度撈候選；24 視角改為確定性產生	
